X-coordinate,Y-coordinate,Heading,Going to ID,Current segment,Battery cell voltage
-3.513098955154419,21.809242248535156,-2.7052273750305176,0,56.0,48763
-3.505122423171997,21.81168556213379,-2.5369811058044434,0,56.0,48691
-3.500396490097046,21.811492919921875,-2.292180299758911,0,56.0,48763
-3.503342628479004,21.811298370361328,-2.1340479850769043,0,56.0,48691
-3.503591299057007,21.81102752685547,-1.9872455596923828,0,56.0,48763
-3.4958815574645996,21.81338882446289,-1.8669170141220093,0,56.0,48691
-3.497014045715332,21.81302833557129,-1.7221647500991821,0,56.0,48763
-3.4957408905029297,21.81410026550293,-1.644321084022522,0,56.0,48691
-3.4957480430603027,21.81389617919922,-1.5602794885635376,0,56.0,48763
-3.496593475341797,21.80560874938965,-1.5422639846801758,0,56.0,48691
-3.4954893589019775,21.73012351989746,-1.543723702430725,0,56.0,48551
-3.4879965782165527,21.586238861083984,-1.5514585971832275,0,56.0,48621
-3.4907474517822266,21.4594783782959,-1.5516084432601929,0,56.0,48672
-3.4903128147125244,21.25670623779297,-1.5485917329788208,0,56.0,48621
-3.487226963043213,21.127653121948242,-1.5471221208572388,0,56.0,48629
-3.484004497528076,20.999582290649414,-1.5466192960739136,0,56.0,48621
-3.472531795501709,20.794174194335938,-1.5498679876327515,0,56.0,48625
-3.4698734283447266,20.667890548706055,-1.5518791675567627,0,56.0,48621
-3.463320255279541,20.529647827148438,-1.552768588066101,0,56.0,48621
-3.4610400199890137,20.404644012451172,-1.5547410249710083,0,56.0,48621
-3.4587831497192383,20.201793670654297,-1.5523045063018799,0,56.0,48621
-3.452389717102051,20.07253646850586,-1.5524978637695312,0,52.0,48619
-3.452441453933716,19.93559455871582,-1.5533874034881592,0,52.0,48621
-3.445128917694092,19.737457275390625,-1.5554758310317993,0,52.0,48621
-3.4403164386749268,19.60184669494629,-1.5547361373901367,0,52.0,48621
-3.4420723915100098,19.47675132751465,-1.5544604063034058,0,52.0,48586
-3.4435524940490723,19.343807220458984,-1.5532615184783936,0,52.0,48621
-3.434375524520874,19.144790649414062,-1.5505542755126953,0,52.0,48621
-3.437926769256592,19.01064682006836,-1.549195647239685,0,52.0,48588
-3.4259517192840576,18.88175392150879,-1.5509459972381592,0,52.0,48621
-3.425845146179199,18.747886657714844,-1.5513664484024048,0,52.0,48612
-3.4221997261047363,18.550811767578125,-1.552565336227417,0,52.0,48621
-3.415611743927002,18.413972854614258,-1.5517531633377075,0,22.0,48619
-3.4130773544311523,18.287532806396484,-1.551554799079895,0,22.0,48621
-3.411698341369629,18.0830078125,-1.5519802570343018,0,26.0,48621
-3.4051973819732666,17.95380210876465,-1.550935983657837,0,26.0,48621
-3.403712749481201,17.81968116760254,-1.5514774322509766,0,26.0,48588
-3.4013586044311523,17.710102081298828,-1.5428529977798462,0,26.0,48691
-3.391848087310791,17.645126342773438,-1.4835931062698364,0,318.0,48691
-3.388627052307129,17.613622665405273,-1.4324936866760254,0,318.0,48691
-3.3811516761779785,17.584823608398438,-1.367495059967041,0,318.0,48691
-3.3737621307373047,17.550941467285156,-1.2676740884780884,0,318.0,48691
-3.364806652069092,17.525333404541016,-1.1963714361190796,0,318.0,48691
-3.353782892227173,17.505447387695312,-1.124406337738037,0,318.0,48691
-3.3386995792388916,17.48419761657715,-1.0419217348098755,0,318.0,48691
-3.3223023414611816,17.459510803222656,-0.920394241809845,0,318.0,48763
-3.307126760482788,17.443666458129883,-0.8375228643417358,0,322.0,48691
-3.2902631759643555,17.42496681213379,-0.7609217762947083,0,322.0,48763
-3.265509605407715,17.40184783935547,-0.6366146802902222,0,322.0,48691
-3.247037172317505,17.39179039001465,-0.5617588758468628,0,322.0,48763
-3.238055467605591,17.390241622924805,-0.48237815499305725,0,322.0,48691
-3.2473323345184326,17.4001407623291,-0.4220839738845825,0,322.0,48691
-3.214829444885254,17.389625549316406,-0.3233112394809723,0,322.0,48691
-3.1747114658355713,17.364683151245117,-0.2462708204984665,0,322.0,48691
-3.113858222961426,17.345306396484375,-0.17804956436157227,0,322.0,48691
-3.0767784118652344,17.339099884033203,-0.09501850605010986,0,322.0,48691
-3.052412748336792,17.34192657470703,-0.05057331919670105,0,322.0,48691
-3.016580581665039,17.34356689453125,-0.006486732978373766,0,322.0,48691
-2.9629340171813965,17.34030532836914,0.028340516611933708,0,8.0,48691
-2.883294105529785,17.341167449951172,0.02878279611468315,0,8.0,48691
-2.821683168411255,17.3425350189209,0.011722194962203503,0,4.0,48691
-2.7689197063446045,17.347715377807617,-0.022510062903165817,0,4.0,48654
-2.692517042160034,17.343076705932617,-0.10054215043783188,0,158.0,48691
-2.6469831466674805,17.33753776550293,-0.17366747558116913,0,158.0,48641
-2.598155975341797,17.327234268188477,-0.250698983669281,0,158.0,48691
-2.5549814701080322,17.315881729125977,-0.32900673151016235,0,158.0,48689
-2.501749277114868,17.290912628173828,-0.4626731872558594,0,158.0,48691
-2.4640402793884277,17.273405075073242,-0.55475914478302,0,162.0,48691
-2.4313788414001465,17.24795913696289,-0.6552325487136841,0,162.0,48691
-2.3937089443206787,17.212575912475586,-0.806501030921936,0,162.0,48691
-2.3748881816864014,17.18485450744629,-0.9079076647758484,0,162.0,48691
-2.3550424575805664,17.153812408447266,-1.0130994319915771,0,162.0,48656
-2.340984344482422,17.12094497680664,-1.1154292821884155,0,162.0,48691
-2.318636894226074,17.065404891967773,-1.2591273784637451,0,162.0,48691
-2.3050615787506104,17.02484893798828,-1.3493520021438599,0,162.0,48687
-2.2941906452178955,16.98297882080078,-1.4286702871322632,0,162.0,48691
-2.2848949432373047,16.910825729370117,-1.5356559753417969,0,162.0,48621
-2.2821223735809326,16.82137107849121,-1.588211178779602,0,256.0,48604
-2.2768025398254395,16.70148277282715,-1.5632708072662354,0,256.0,48551
-2.2736828327178955,16.572532653808594,-1.5351730585098267,0,256.0,48551
-2.2588768005371094,16.378311157226562,-1.528245210647583,0,256.0,48621
-2.256720542907715,16.2437686920166,-1.528660774230957,0,256.0,48586
-2.251284122467041,16.115314483642578,-1.5317161083221436,0,256.0,48621
-2.2483761310577393,15.911044120788574,-1.533263087272644,0,256.0,48604
-2.247199535369873,15.78184700012207,-1.5324121713638306,0,256.0,48621
-2.2416269779205322,15.647512435913086,-1.5318320989608765,0,256.0,48563
-2.2351691722869873,15.521135330200195,-1.5333404541015625,0,256.0,48621
-2.2299559116363525,15.31918716430664,-1.535003423690796,0,256.0,48617
-2.225174903869629,15.188627243041992,-1.5356996059417725,0,256.0,48553
-2.2177083492279053,15.052306175231934,-1.5382908582687378,0,256.0,48586
-2.2089455127716064,14.856555938720703,-1.543473243713379,0,256.0,48551
-2.205212116241455,14.722710609436035,-1.5457937717437744,0,256.0,48621
-2.20432186126709,14.588515281677246,-1.547070026397705,0,256.0,48586
-2.2010977268218994,14.460573196411133,-1.5464125871658325,0,256.0,48621
-2.198580503463745,14.264816284179688,-1.5450975894927979,0,256.0,48551
-2.192249059677124,14.12801456451416,-1.5450202226638794,0,256.0,48621
-2.186307430267334,14.000457763671875,-1.547070026397705,0,252.0,48551
-2.181483268737793,13.795988082885742,-1.5492358207702637,0,252.0,48559
-2.176008939743042,13.665246963500977,-1.549545168876648,0,252.0,48551
-2.173107147216797,13.532303810119629,-1.5514016151428223,0,252.0,48687
-2.171612024307251,13.446051597595215,-1.5577056407928467,0,252.0,48691
-2.1737115383148193,13.354415893554688,-1.5767723321914673,0,252.0,48691
-2.1784117221832275,13.29321002960205,-1.5915461778640747,0,252.0,48691
-2.1764845848083496,13.230761528015137,-1.6117057800292969,0,252.0,48637
-2.184272050857544,13.142163276672363,-1.6453677415847778,0,252.0,48691
-2.185845375061035,13.077958106994629,-1.6714059114456177,0,252.0,48691
-2.195080041885376,13.02435302734375,-1.69801926612854,0,252.0,48621
-2.2039387226104736,12.965641975402832,-1.733344316482544,0,252.0,48687
-2.221086025238037,12.87999439239502,-1.7963318824768066,0,252.0,48621
-2.2304298877716064,12.827452659606934,-1.8450483083724976,0,252.0,48691
-2.2507002353668213,12.776957511901855,-1.9014562368392944,0,252.0,48621
-2.2786753177642822,12.711555480957031,-1.9894276857376099,0,252.0,48691
-2.2985455989837646,12.667364120483398,-2.052100896835327,0,252.0,48621
-2.3190131187438965,12.624567985534668,-2.1223256587982178,0,252.0,48691
-2.3462369441986084,12.584451675415039,-2.1867878437042236,0,252.0,48621
-2.3919405937194824,12.516593933105469,-2.264880418777466,0,252.0,48691
-2.430060386657715,12.472443580627441,-2.2782766819000244,0,252.0,48691
-2.466014862060547,12.42481803894043,-2.2491931915283203,0,252.0,48629
-2.4936132431030273,12.357011795043945,-2.1735451221466064,0,252.0,48691
-2.5281424522399902,12.270466804504395,-2.0365495681762695,0,252.0,48691
-2.5375466346740723,12.22331428527832,-1.9681485891342163,0,252.0,48621
-2.5724027156829834,12.155457496643066,-1.8715178966522217,0,252.0,48691
-2.5933616161346436,12.107271194458008,-1.8168463706970215,0,252.0,48621
-2.606854200363159,12.047332763671875,-1.7745628356933594,0,252.0,48637
-2.6193153858184814,11.959604263305664,-1.717106819152832,0,252.0,48621
-2.630129098892212,11.899895668029785,-1.6855361461639404,0,252.0,48637
-2.6341021060943604,11.837235450744629,-1.6568602323532104,0,252.0,48691
-2.642320156097412,11.800138473510742,-1.626771092414856,0,252.0,48621
-2.648024559020996,11.704586029052734,-1.6021639108657837,0,252.0,48691
-2.6482620239257812,11.646183013916016,-1.5872641801834106,0,252.0,48662
-2.6489710807800293,11.580545425415039,-1.5744965076446533,0,252.0,48691